COUNTRY_NAME,GEM_PGA_mean,GEM_PGA_median,log_GEM_PGA
Angola,0.010027181560365198,0.006217982378213595,0.00997724292704012
Albania,0.3832259871178163,0.38339949677433516,0.3244184428896191
United Arab Emirates,0.014055903787294982,0.007826427933483466,0.013958035589414984
Argentina,0.10136256145137786,0.027456039999999963,0.09654810548657632
Armenia,0.32211537711443244,0.32269519999999996,0.27923301229180586
Australia,0.0218811294799251,0.01657338483742693,0.021645173353308234
Austria,0.07819153276603025,0.07138698186341356,0.07528513088460861
Burundi,0.1295201547206455,0.14602832822884093,0.12179290069823423
Belgium,0.04485573395135189,0.04135708598862604,0.04387882225142415
Benin,0.00494424032238702,0.0,0.004932057705559633
Burkina Faso,0.0,0.0,0.0
Bangladesh,0.24936605575833917,0.2271892600759312,0.2226362672740868
Bulgaria,0.16115369225581083,0.15349304993617113,0.14941407315837227
Bosnia and Herzegovina,0.15824642590950946,0.14880431045520215,0.1469071595421148
Belarus,0.0008143410579461547,0.0,0.0008140096621674151
Belize,0.11776432194095884,0.09309159045711514,0.11133054923792904
Bolivia,0.10446355662754293,0.03884766584716226,0.09935974797608702
Brazil,0.006408888769619457,0.0,0.006388439168297572
Barbados,0.3186479381639643,0.3182628999999887,0.2766069223858087
Bhutan,0.29962465090387636,0.28451190000007504,0.2620754927029969
Botswana,0.009752732848353199,0.0,0.009705481918087382
Central African Republic,0.007314462651718309,0.0,0.007287841702915627
Canada,0.03307851858921245,0.018495532060357256,0.032543197499800454
Switzerland,0.08072718784823023,0.07265935000000001,0.0776341366382118
Chile,0.418828983464288,0.43411349999999993,0.34983187186224984
China,0.120514849540429,0.09632077993794878,0.11378826677292973
Cameroon,0.014252865926821538,0.012085955943270764,0.014152248761577538
"Congo, Dem. Rep.",0.044294888752068586,0.01872805971096269,0.04334191006648013
"Congo, Rep.",0.023342946545275193,0.019125992374103194,0.023074666905056808
Colombia,0.16497521894690678,0.1312298,0.15269981550121803
Comoros,0.020188641196966863,0.023993710000000005,0.019987552546419096
Costa Rica,0.5908371694650497,0.5877591530480484,0.46426039934437013
Cyprus,0.28565932081443857,0.2702826364181352,0.2512716768894195
Germany,0.022206956254858835,0.013228390000000001,0.021963972508752823
Djibouti,0.1845282978041317,0.18517132217438148,0.16934463441503037
Denmark,0.0023839936650717672,0.0,0.002381156460531285
Dominican Republic,0.38556152666350424,0.39471358947676527,0.3261054918870602
Algeria,0.025980975533880925,0.0,0.02564920421202755
Ecuador,0.4080996281549424,0.42740070886716774,0.3422410138653483
"Egypt, Arab Rep.",0.025234651710451004,0.00936067711332558,0.024921514888242444
Spain,0.056737144427095446,0.041530895702139664,0.05518599519284316
Estonia,0.018459343627618,0.016005887307636416,0.018291037996591965
Ethiopia,0.04532882910135954,0.010822390007325402,0.04433150491538532
Finland,0.008679889885015828,0.0066252609925827695,0.008642436213924631
Fiji,0.1605243477908019,0.1370274102393613,0.14887192694380827
France,0.1719843886106713,0.1686475847229883,0.15869837076804288
Gabon,0.018019116039291773,0.014523320870026467,0.01785869598669367
United Kingdom,0.16440640169301818,0.17619949639817298,0.15221143072119342
Georgia,0.2840428922065294,0.2957778999999999,0.2500136098551021
Ghana,0.02204033447747285,0.014476421495788844,0.021800957223361124
Guinea,0.0232533357880463,0.021294932548870635,0.02298709637826586
"Gambia, The",0.011049880972533465,0.010709251433318915,0.010989277073006913
Guinea-Bissau,0.03139339322663459,0.0317763400000002,0.030910696977822363
Greece,0.32230469295499714,0.32144944787453505,0.27937619365926775
Grenada,0.3180314214425882,0.3170138728581335,0.2761392760408972
Guatemala,0.4078048553868022,0.4204654501536109,0.3420316511039764
Honduras,0.2577988820297178,0.2641413999977936,0.2293632742969439
Croatia,0.14968335482790468,0.1297016,0.13948656083323327
Hungary,0.056058162877221596,0.050675756726394766,0.054543262249523244
Indonesia,0.21794514004224608,0.18530215701014174,0.1971651272571099
India,0.13699185377674997,0.08868516005506318,0.1283860500784846
Ireland,0.0,0.0,0.0
"Iran, Islamic Rep.",0.260699785387391,0.2570246946702405,0.23166695202217855
Iceland,0.1006232248095507,0.07689409712995114,0.09587658737394998
Israel,0.21065369495628053,0.18206139999999585,0.19116045749504557
Italy,0.170441669133315,0.1639971391829328,0.1573811725620982
Jamaica,0.2948356460543995,0.2870422923585838,0.2583837728535
Jordan,0.11739514536097392,0.06997669678408235,0.11100021344869997
Japan,0.38054070018571234,0.31814841042559605,0.32247523415971896
Kazakhstan,0.02512350137977519,0.005957607416383171,0.02481309448313695
Kenya,0.04503934312996203,0.02593248,0.04405453363626455
Kyrgyz Republic,0.2725228584411473,0.2549946423658217,0.2410014326927113
Kiribati,0.00041653885714285717,0.0,0.00041645212891605073
"Korea, Rep.",0.14371236029957626,0.13192354784814153,0.13427942803838722
Lao PDR,0.10017776309671939,0.06866566500016923,0.09547176956319597
Lebanon,0.3739113004867597,0.35827713056414345,0.31766163602985736
Liberia,0.014024283307125148,0.010269016523473628,0.013926852916882003
St. Lucia,0.4032001751004168,0.404840200002475,0.33875546742227375
Sri Lanka,0.02670606045886537,0.024139034285881607,0.026355678158058574
Lesotho,0.034827141143299004,0.03583244001658439,0.03423439938092653
Lithuania,0.015363397995581243,0.014257453676352786,0.015246575999023078
Luxembourg,0.030090817030517955,0.029381365511105588,0.02964697022892245
Latvia,0.01887034984555614,0.0172845,0.01869451341329116
Morocco,0.09671884928266783,0.08782481068732438,0.09232285790966287
Moldova,0.15940539670931117,0.14094113308869505,0.14790728465590106
Madagascar,0.04816008165097694,0.044248212273542226,0.047036323900770644
Mexico,0.15176630999388266,0.0552353894105108,0.14129668578756885
North Macedonia,0.2480929165067729,0.22007062295699653,0.22161671950494377
Mali,0.0018923804958655846,0.0,0.0018905921996308721
Myanmar,0.23306356547327917,0.21213306446469127,0.20950177635968004
Montenegro,0.17936193009873805,0.15714883954986125,0.16497355502202732
Mongolia,0.10495733706597248,0.09789965499947456,0.09980672523429975
Mozambique,0.06914065076010525,0.04679862826863751,0.06685519566128673
Mauritania,0.010161601796399083,0.0,0.010110319832861672
Malawi,0.14898523997777813,0.1511771791884426,0.13887915281176563
Malaysia,0.038489351143132455,0.03820014999995752,0.037767110206475774
Namibia,0.022245538993040312,0.024447934999999997,0.02200171634312974
Niger,0.0,0.0,0.0
Nigeria,0.003009669199387083,0.0,0.003005149211882721
Nicaragua,0.27499670354694455,0.19651656246073607,0.24294359315367037
Netherlands,0.021101947082422738,0.015108539968391248,0.020882384425468588
Norway,0.011087793795337461,0.009864776136945738,0.011026774839139766
Nepal,0.37433875127860766,0.3787499057005609,0.3179727072841053
Pakistan,0.2574986736755658,0.2515927,0.22912456826004057
Panama,0.3241392773660053,0.27169179999999543,0.2807626463674755
Peru,0.33964733479562736,0.35413709999999343,0.2924063963357619
Philippines,0.49497437899924307,0.49388860000000007,0.40210906890264764
Poland,0.01010992434688275,0.009022595755820371,0.010059160917974368
Portugal,0.12362896171422984,0.1206432366666621,0.11656359173832201
Paraguay,0.01600744808676935,0.009119485180068786,0.01588067992348433
West Bank and Gaza,0.26171557669028306,0.22924020000000003,0.2324723636709296
Qatar,0.00921776360745643,0.008415571240809591,0.00917553930193137
Romania,0.20412323335725419,0.157664728095678,0.185751694935645
Russian Federation,0.03250246133922238,0.009161363990547476,0.03198542971386301
Rwanda,0.1358509842031076,0.13186904979154287,0.12738213581710559
Sudan,0.0004964696365585511,0.0,0.0004963464362836493
Senegal,0.008989657496018493,0.008168125727673368,0.008949491067221654
Solomon Islands,0.8022908588565835,0.777006637970904,0.5890585550715532
Sierra Leone,0.019100216563557145,0.017944941927831696,0.018920097357205342
El Salvador,0.5936540672120457,0.6084542974622398,0.4660295349910669
Serbia,0.13238771100582508,0.13701480590929663,0.12432842202948906
Suriname,0.0026797072825123524,0.0,0.0026761232682640163
Slovak Republic,0.05736819826180455,0.049601016955632835,0.05578298895725876
Slovenia,0.20507793551411793,0.20207540139934582,0.18654424162636746
Sweden,0.014735813101052837,0.013720000281974967,0.014628295955279163
Eswatini,0.02801483602612393,0.026840030000000008,0.027629598860861207
Chad,0.0,0.0,0.0
Togo,0.017874300549974433,0.012363771375969546,0.01771643363800531
Thailand,0.04120747140766131,0.03416685000393281,0.04038106987862564
Tajikistan,0.29667237491844606,0.2720240861138119,0.25980127120328494
Timor-Leste,0.28792359433274406,0.27322179253359186,0.2530313047523619
Tonga,0.8346275548106167,0.8580163976921525,0.6068414935002037
Tunisia,0.10015645018022411,0.12321149894104458,0.0954523971275293
Tanzania,0.11094736029204169,0.1030564499995279,0.10521312905979277
Uganda,0.08371001737855444,0.04251114894981295,0.08039035558643227
Ukraine,0.03766872008054284,0.03467579494052101,0.03697658166560921
Uruguay,0.00023066898564145624,0.0,0.0002306423856414392
United States,0.08816235470623177,0.04648581173227018,0.0844903603766759
Uzbekistan,0.07147470165838725,0.02806747743988476,0.0690359254412781
Vanuatu,1.1923434011068026,1.26786011147157,0.784971017904572
Samoa,0.13135855941972197,0.116642,0.12341917555566748
South Africa,0.030919323773663798,0.022011380000079465,0.030450951511081972
Zambia,0.06770048289354427,0.04847739506333838,0.06550725447657413
Zimbabwe,0.15425109891288769,0.14716875555080852,0.14345173446245707
