Model,Description,N,R²,Adj. R²,Poverty Gap,Poverty HC,Poverty Gap $3,Poverty Gap $8.3,Poverty Q4,log(GDP),Governance,Building Quality,log(Earthquake),log(Storm),log(Flood),Earthquake (Binary),Storm (Binary),Flood (Binary),Gov × Poverty,Gov × Earthquake
RC0-A-VULN,VULN-Baseline (GDP Model),150,0.658,0.630,—,—,—,—,—,—,—,—,0.0642***,0.0086,-0.0332*,—,—,—,—,—
RC0-A-ONLY,ONLY-Baseline  (GDP Model),150,0.605,0.573,—,—,—,—,—,—,—,—,0.0408**,-0.0023,-0.0146,—,—,—,—,—
RC0-B-VULN,VULN-Baseline  (Inst. Model),150,0.663,0.634,—,—,—,—,—,—,—,—,0.0549***,0.0104,-0.0306,—,—,—,—,—
RC0-B-ONLY,ONLY-Baseline  (Inst. Model),150,0.595,0.560,—,—,—,—,—,—,—,—,0.0295,0.0026,-0.0155,—,—,—,—,—
RC1-A-VULN,VULN-Poverty Quartiles (GDP Model),150,0.667,0.635,—,—,—,—,-0.1471*,—,—,—,0.0653***,0.0076,-0.0311*,—,—,—,—,—
RC1-A-ONLY,ONLY-Poverty Quartiles (GDP Model),150,0.656,0.623,—,—,—,—,-0.1955**,—,—,—,0.0466***,-0.0019,-0.0104,—,—,—,—,—
RC1-B-VULN,VULN-Poverty Quartiles (Inst. Model),150,0.672,0.638,—,—,—,—,-0.1703**,—,—,—,0.0584***,0.0067,-0.0286,—,—,—,—,—
RC1-B-ONLY,ONLY-Poverty Quartiles (Inst. Model),150,0.654,0.619,—,—,—,—,-0.2261***,—,—,—,0.0399**,-0.0008,-0.0126,—,—,—,—,—
RC2-A-VULN,VULN-Poverty HC $4.20 (GDP Model),150,0.663,0.636,—,-0.0019,—,—,—,—,—,—,0.0631***,0.0101,-0.0304*,—,—,—,—,—
RC2-A-ONLY,ONLY-Poverty HC $4.20 (GDP Model),150,0.605,0.574,—,-0.0006,—,—,—,—,—,—,0.0401**,-0.0003,-0.0130,—,—,—,—,—
RC2-B-VULN,VULN-Poverty HC $4.20 (Inst. Model),150,0.674,0.645,—,-0.0026***,—,—,—,—,—,—,0.0560***,0.0094,-0.0275,—,—,—,—,—
RC2-B-ONLY,ONLY-Poverty HC $4.20 (Inst. Model),150,0.604,0.569,—,-0.0019**,—,—,—,—,—,—,0.0304,0.0022,-0.0130,—,—,—,—,—
RC3-A-VULN,VULN-Poverty Gap $3.00 (GDP Model),150,0.657,0.630,—,—,0.0003,—,—,—,—,—,0.0646***,0.0067,-0.0340**,—,—,—,—,—
RC3-A-ONLY,ONLY-Poverty Gap $3.00 (GDP Model),150,0.606,0.574,—,—,0.0017,—,—,—,—,—,0.0409**,-0.0035,-0.0147,—,—,—,—,—
RC3-B-VULN,VULN-Poverty Gap $3.00 (Inst. Model),150,0.659,0.629,—,—,-0.0018,—,—,—,—,—,0.0545***,0.0093,-0.0321*,—,—,—,—,—
RC3-B-ONLY,ONLY-Poverty Gap $3.00 (Inst. Model),150,0.593,0.557,—,—,-0.0009,—,—,—,—,—,0.0292,0.0017,-0.0165,—,—,—,—,—
RC4-A-VULN,VULN-Poverty Gap $8.30 (GDP Model),150,0.667,0.640,—,—,—,-0.0033*,—,—,—,—,0.0642***,0.0109,-0.0296*,—,—,—,—,—
RC4-A-ONLY,ONLY-Poverty Gap $8.30 (GDP Model),150,0.609,0.578,—,—,—,-0.0021,—,—,—,—,0.0403**,0.0012,-0.0114,—,—,—,—,—
RC4-B-VULN,VULN-Poverty Gap $8.30 (Inst. Model),150,0.677,0.649,—,—,—,-0.0037***,—,—,—,—,0.0582***,0.0096,-0.0278,—,—,—,—,—
RC4-B-ONLY,ONLY-Poverty Gap $8.30 (Inst. Model),150,0.613,0.579,—,—,—,-0.0033**,—,—,—,—,0.0326,0.0028,-0.0123,—,—,—,—,—
RC5-A-VULN,"VULN-Exclude Small States (GDP, n=125)",125,0.751,0.726,—,—,—,—,—,—,—,—,0.0670***,0.0065,-0.0379*,—,—,—,—,—
RC5-A-ONLY,"ONLY-Exclude Small States (GDP, n=125)",125,0.665,0.632,—,—,—,—,—,—,—,—,0.0293,0.0031,-0.0333*,—,—,—,—,—
RC5-B-VULN,"VULN-Exclude Small States (Inst., n=125)",125,0.742,0.714,—,—,—,—,—,—,—,—,0.0487***,0.0139,-0.0335,—,—,—,—,—
RC5-B-ONLY,"ONLY-Exclude Small States (Inst., n=125)",125,0.653,0.616,—,—,—,—,—,—,—,—,0.0177,0.0074,-0.0273,—,—,—,—,—
RC6-A-VULN,"VULN-Low/Lower-Middle Income (GDP, n=75)",75,0.712,0.667,-0.0024,—,—,—,—,0.0897**,—,—,0.0847**,0.0245,-0.0504,—,—,—,—,—
RC6-A-ONLY,"ONLY-Low/Lower-Middle Income (GDP, n=75)",75,0.498,0.419,-0.0013,—,—,—,—,0.0396,—,—,0.0455,0.0001,-0.0196,—,—,—,—,—
RC6-B-VULN,"VULN-Low/Lower-Middle Income (Inst., n=75)",75,0.709,0.658,-0.0037**,—,—,—,—,—,0.0538*,0.0061,0.0721**,0.0229,-0.0453,—,—,—,—,—
RC6-B-ONLY,"ONLY-Low/Lower-Middle Income (Inst., n=75)",75,0.508,0.422,-0.0020,—,—,—,—,—,-0.0126,0.0100*,0.0330,-0.0023,-0.0236,—,—,—,—,—
RC7-A-VULN,"VULN-Upper-Middle/High Income (GDP, n=75)",75,0.345,0.243,-0.0054,—,—,—,—,0.0916,—,—,0.0726***,-0.0225,-0.0332,—,—,—,—,—
RC7-A-ONLY,"ONLY-Upper-Middle/High Income (GDP, n=75)",75,0.580,0.514,0.0031,—,—,—,—,0.0547,—,—,0.0568*,-0.0168,-0.0426*,—,—,—,—,—
RC7-B-VULN,"VULN-Upper-Middle/High Income (Inst., n=75)",75,0.364,0.253,-0.0103,—,—,—,—,—,0.0739**,0.0059,0.0683***,-0.0259,-0.0234,—,—,—,—,—
RC7-B-ONLY,"ONLY-Upper-Middle/High Income (Inst., n=75)",75,0.589,0.518,-0.0003,—,—,—,—,—,0.0506*,-0.0026,0.0551*,-0.0222,-0.0309,—,—,—,—,—
RC8-A-VULN,"VULN-Exclude Top 1% Disasters (GDP, n=148)",148,0.654,0.626,—,—,—,—,—,—,—,—,0.0639***,0.0093,-0.0341**,—,—,—,—,—
RC8-A-ONLY,"ONLY-Exclude Top 1% Disasters (GDP, n=148)",148,0.606,0.574,—,—,—,—,—,—,—,—,0.0331*,-0.0053,-0.0151,—,—,—,—,—
RC8-B-VULN,"VULN-Exclude Top 1% Disasters (Inst., n=148)",148,0.658,0.627,—,—,—,—,—,—,—,—,0.0545***,0.0108,-0.0310,—,—,—,—,—
RC8-B-ONLY,"ONLY-Exclude Top 1% Disasters (Inst., n=148)",148,0.595,0.559,—,—,—,—,—,—,—,—,0.0214,-0.0008,-0.0158,—,—,—,—,—
RC9-A-VULN,VULN-Winsorized Disasters (GDP Model),150,0.652,0.625,—,—,—,—,—,—,—,—,0.0647***,0.0095,-0.0326*,—,—,—,—,—
RC9-A-ONLY,ONLY-Winsorized Disasters (GDP Model),150,0.602,0.570,—,—,—,—,—,—,—,—,0.0409*,-0.0023,-0.0148,—,—,—,—,—
RC9-B-VULN,VULN-Winsorized Disasters (Inst. Model),150,0.659,0.629,—,—,—,—,—,—,—,—,0.0533**,0.0117,-0.0300,—,—,—,—,—
RC9-B-ONLY,ONLY-Winsorized Disasters (Inst. Model),150,0.593,0.557,—,—,—,—,—,—,—,—,0.0269,0.0031,-0.0155,—,—,—,—,—
RC10-A-VULN,VULN-Binary Disasters (GDP Model),150,0.633,0.604,—,—,—,—,—,—,—,—,—,—,—,0.0323,0.0199,-0.0458,—,—
RC10-A-ONLY,ONLY-Binary Disasters (GDP Model),150,0.598,0.566,—,—,—,—,—,—,—,—,—,—,—,0.0227,-0.0158,-0.0766,—,—
RC10-B-VULN,VULN-Binary Disasters (Inst. Model),150,0.644,0.613,—,—,—,—,—,—,—,—,—,—,—,0.0260,0.0121,-0.0356,—,—
RC10-B-ONLY,ONLY-Binary Disasters (Inst. Model),150,0.595,0.560,—,—,—,—,—,—,—,—,—,—,—,0.0122,-0.0237,-0.0852,—,—
RC10-2-A-VULN,VULN-Dealth Disasters (GDP Model),150,0.641,0.612,—,—,—,—,—,—,—,—,—,—,—,—,—,—,—,—
RC10-2-A-ONLY,ONLY-Dealth Disasters (GDP Model),150,0.596,0.563,—,—,—,—,—,—,—,—,—,—,—,—,—,—,—,—
RC10-2-B-VULN,VULN-Dealth Disasters (Inst. Model),150,0.654,0.624,—,—,—,—,—,—,—,—,—,—,—,—,—,—,—,—
RC10-2-B-ONLY,ONLY-Dealth Disasters (Inst. Model),150,0.589,0.553,—,—,—,—,—,—,—,—,—,—,—,—,—,—,—,—
RC11-A-MPI,Alt DV: MPI Housing (GDP Model),92,0.787,0.760,—,—,—,—,—,—,—,—,3.0956**,1.9219*,-4.7911***,—,—,—,—,—
RC11-B-MPI,Alt DV: MPI Housing (Inst. Model),92,0.708,0.668,—,—,—,—,—,—,—,—,2.2049,2.0783,-2.6781,—,—,—,—,—
RC11-2-A-VULN,Alt DV: VULN-Unit weighted (GDP Model),150,0.555,0.520,—,—,—,—,—,—,—,—,0.0446*,0.0257,-0.0340*,—,—,—,—,—
RC11-2-A-ONLY,Alt DV: ONLY-Unit weighted (GDP Model),150,0.653,0.625,—,—,—,—,—,—,—,—,0.0321*,0.0106,-0.0215,—,—,—,—,—
RC11-2-B-VULN,Alt DV: VULN-Unit weighted (Inst. Model),150,0.563,0.524,—,—,—,—,—,—,—,—,0.0348,0.0273,-0.0315,—,—,—,—,—
RC11-2-B-ONLY,Alt DV: ONLY-Unit weighted (Inst. Model),150,0.646,0.615,—,—,—,—,—,—,—,—,0.0246,0.0138,-0.0175,—,—,—,—,—
RC12-A-SUB-VULN,"VULN-Exclude Sub-Saharan Africa (GDP, n=109)",109,0.387,0.324,—,—,—,—,—,—,—,—,0.0822***,0.0124,-0.0549***,—,—,—,—,—
RC12-A-SUB-ONLY,"ONLY-Exclude Sub-Saharan Africa (GDP, n=109)",109,0.552,0.506,—,—,—,—,—,—,—,—,0.0554**,0.0003,-0.0301,—,—,—,—,—
RC12-B-SUB-VULN,"VULN-Exclude Sub-Saharan Africa (Inst., n=109)",109,0.399,0.331,—,—,—,—,—,—,—,—,0.0740***,0.0089,-0.0437*,—,—,—,—,—
RC12-B-SUB-ONLY,"ONLY-Exclude Sub-Saharan Africa (Inst., n=109)",109,0.533,0.480,—,—,—,—,—,—,—,—,0.0392,0.0028,-0.0244,—,—,—,—,—
RC12-A-EUR-VULN,"VULN-Exclude Europe & Central Asia (GDP, n=106)",106,0.741,0.714,—,—,—,—,—,—,—,—,0.0522**,0.0316,-0.0388*,—,—,—,—,—
RC12-A-EUR-ONLY,"ONLY-Exclude Europe & Central Asia (GDP, n=106)",106,0.562,0.515,—,—,—,—,—,—,—,—,0.0200,0.0067,0.0114,—,—,—,—,—
RC12-B-EUR-VULN,"VULN-Exclude Europe & Central Asia (Inst., n=106)",106,0.758,0.730,—,—,—,—,—,—,—,—,0.0452**,0.0309*,-0.0372*,—,—,—,—,—
RC12-B-EUR-ONLY,"ONLY-Exclude Europe & Central Asia (Inst., n=106)",106,0.555,0.503,—,—,—,—,—,—,—,—,0.0120,0.0066,0.0040,—,—,—,—,—
RC12-A-MID-VULN,"VULN-Exclude Middle East & North Africa (GDP, n=137)",137,0.667,0.641,—,—,—,—,—,—,—,—,0.0693***,0.0055,-0.0277,—,—,—,—,—
RC12-A-MID-ONLY,"ONLY-Exclude Middle East & North Africa (GDP, n=137)",137,0.613,0.582,—,—,—,—,—,—,—,—,0.0455**,-0.0077,-0.0103,—,—,—,—,—
RC12-B-MID-VULN,"VULN-Exclude Middle East & North Africa (Inst., n=137)",137,0.675,0.646,—,—,—,—,—,—,—,—,0.0566***,0.0074,-0.0238,—,—,—,—,—
RC12-B-MID-ONLY,"ONLY-Exclude Middle East & North Africa (Inst., n=137)",137,0.596,0.560,—,—,—,—,—,—,—,—,0.0299,-0.0001,-0.0105,—,—,—,—,—
RC12-A-LAT-VULN,"VULN-Exclude Latin America & Caribbean (GDP, n=126)",126,0.673,0.645,—,—,—,—,—,—,—,—,0.0597***,-0.0102,-0.0172,—,—,—,—,—
RC12-A-LAT-ONLY,"ONLY-Exclude Latin America & Caribbean (GDP, n=126)",126,0.584,0.548,—,—,—,—,—,—,—,—,0.0523**,-0.0101,-0.0231,—,—,—,—,—
RC12-B-LAT-VULN,"VULN-Exclude Latin America & Caribbean (Inst., n=126)",126,0.669,0.637,—,—,—,—,—,—,—,—,0.0508**,-0.0040,-0.0167,—,—,—,—,—
RC12-B-LAT-ONLY,"ONLY-Exclude Latin America & Caribbean (Inst., n=126)",126,0.580,0.540,—,—,—,—,—,—,—,—,0.0404,-0.0019,-0.0283,—,—,—,—,—
RC12-A-EAS-VULN,"VULN-Exclude East Asia & Pacific (GDP, n=130)",130,0.665,0.637,—,—,—,—,—,—,—,—,0.0524**,0.0047,-0.0402**,—,—,—,—,—
RC12-A-EAS-ONLY,"ONLY-Exclude East Asia & Pacific (GDP, n=130)",130,0.651,0.622,—,—,—,—,—,—,—,—,0.0271,-0.0015,-0.0295*,—,—,—,—,—
RC12-B-EAS-VULN,"VULN-Exclude East Asia & Pacific (Inst., n=130)",130,0.667,0.636,—,—,—,—,—,—,—,—,0.0461**,0.0094,-0.0430**,—,—,—,—,—
RC12-B-EAS-ONLY,"ONLY-Exclude East Asia & Pacific (Inst., n=130)",130,0.651,0.619,—,—,—,—,—,—,—,—,0.0245,0.0005,-0.0264,—,—,—,—,—
RC12-A-SOU-VULN,"VULN-Exclude South Asia (GDP, n=144)",144,0.665,0.640,—,—,—,—,—,—,—,—,0.0594***,0.0105,-0.0273,—,—,—,—,—
RC12-A-SOU-ONLY,"ONLY-Exclude South Asia (GDP, n=144)",144,0.621,0.592,—,—,—,—,—,—,—,—,0.0360*,-0.0004,-0.0080,—,—,—,—,—
RC12-B-SOU-VULN,"VULN-Exclude South Asia (Inst., n=144)",144,0.667,0.639,—,—,—,—,—,—,—,—,0.0524***,0.0127,-0.0241,—,—,—,—,—
RC12-B-SOU-ONLY,"ONLY-Exclude South Asia (Inst., n=144)",144,0.606,0.573,—,—,—,—,—,—,—,—,0.0271,0.0050,-0.0084,—,—,—,—,—
RC12-A-NOR-VULN,"VULN-Exclude North America (GDP, n=148)",148,0.653,0.627,—,—,—,—,—,—,—,—,0.0667***,0.0105,-0.0340**,—,—,—,—,—
RC12-A-NOR-ONLY,"ONLY-Exclude North America (GDP, n=148)",148,0.600,0.571,—,—,—,—,—,—,—,—,0.0417**,-0.0017,-0.0149,—,—,—,—,—
RC12-B-NOR-VULN,"VULN-Exclude North America (Inst., n=148)",148,0.657,0.629,—,—,—,—,—,—,—,—,0.0569***,0.0118,-0.0309,—,—,—,—,—
RC12-B-NOR-ONLY,"ONLY-Exclude North America (Inst., n=148)",148,0.590,0.557,—,—,—,—,—,—,—,—,0.0296,0.0027,-0.0155,—,—,—,—,—
